{
  "entrypoints": {
    "app": {
      "css": [
        "/app.0bf72e55.css",
        "/app.0bf72e55.rtl.css"
      ],
      "js": [
        "/app.1e1ba55d.js"
      ]
    },
    "form": {
      "js": [
        "/form.640f3bdf.js"
      ]
    },
    "page-layout": {
      "js": [
        "/page-layout.3347892e.js"
      ]
    },
    "page-color-scheme": {
      "js": [
        "/page-color-scheme.f676dfa6.js"
      ]
    },
    "field-boolean": {
      "js": [
        "/field-boolean.33d03224.js"
      ]
    },
    "field-code-editor": {
      "css": [
        "/field-code-editor.09574d54.css",
        "/field-code-editor.09574d54.rtl.css"
      ],
      "js": [
        "/field-code-editor.0848a947.js"
      ]
    },
    "field-collection": {
      "js": [
        "/field-collection.c6a8940b.js"
      ]
    },
    "field-file-upload": {
      "js": [
        "/field-file-upload.3b5722a2.js"
      ]
    },
    "field-image": {
      "js": [
        "/field-image.c14f1295.js"
      ]
    },
    "field-slug": {
      "js": [
        "/field-slug.1c789293.js"
      ]
    },
    "field-textarea": {
      "js": [
        "/field-textarea.f496dd73.js"
      ]
    },
    "field-text-editor": {
      "css": [
        "/field-text-editor.7348fb97.css",
        "/field-text-editor.7348fb97.rtl.css"
      ],
      "js": [
        "/field-text-editor.5848d9aa.js"
      ]
    },
    "login": {
      "js": [
        "/login.7259f5de.js"
      ]
    }
  }
}